{
  "avg loss": 0.8687060565439148,
  "perplexity": 2.383824348449707
}